"make_model","price","condition"
Taramps Smart8,487.49,New
Taramps Smart8,299.99,Parts Only
Taramps Smart5,448.30,New
Taramps Smart5,213.62,Parts Only
Taramps Smart5,343.33,Pre-Owned
Taramps Smart3,227.91,New
Taramps Smart3,226.22,Pre-Owned
Taramps MD 8000,374.48,New
Taramps MD 8000,229.00,Parts Only
Taramps MD 8000,399.13,Pre-Owned
Taramps MD 5000,292.58,New
Taramps MD 5000,267.50,Pre-Owned
Taramps MD 3000,204.18,New
Taramps HD 3000,175.52,New
Taramps HD 3000,123.33,Parts Only
Taramps HD 3000,153.55,Pre-Owned
Taramps Bass 5K,368.00,New
Taramps Bass 5K,365.66,Pre-Owned
Taramps Bass 3K,219.99,New
Taramps Bass 3K,203.75,Pre-Owned
Rockford Fosgate T2500-1BDCP,637.50,New
Rockford Fosgate T2500-1BDCP,832.65,Pre-Owned
Rockford Fosgate T1500-1BDCP,150.00,Parts Only
Rockford Fosgate T1500-1BDCP,428.21,Pre-Owned
Rockford Fosgate T1000-1BDCP,459.00,New
Rockford Fosgate T1000-1BDCP,291.92,Pre-Owned
MTX TE1501D,225.00,Pre-Owned
MTX 81001,180.00,Parts Only
MTX 81001,389.00,Pre-Owned
MTX 7801,201.17,Pre-Owned
MTX 1501D,250.00,Pre-Owned
JL Audio 500/5,162.50,Parts Only
JL Audio 500/5,248.08,Pre-Owned
JL Audio 500/1,102.05,Parts Only
JL Audio 500/1,223.64,Pre-Owned
JL Audio 450/4,355.00,Pre-Owned
JL Audio 300/4,79.74,Parts Only
JL Audio 300/4,236.03,Pre-Owned
JL Audio 1000/1,142.75,Parts Only
JL Audio 1000/1,439.25,Pre-Owned
Down4Sound JP84,100.00,Pre-Owned
Down4Sound JP83,1470.81,New
Down4Sound JP63,650.00,Pre-Owned
Down4Sound JP43,600.00,New
Down4Sound JP43,580.00,Pre-Owned
Down4Sound JP34 AB,190.00,New
Down4Sound JP34 AB,214.00,Pre-Owned
Down4Sound JP234,288.37,New
Down4Sound JP234,230.00,Pre-Owned
Down4Sound JP23 V2,340.56,New
Down4Sound JP23 V2,102.50,Parts Only
Down4Sound JP23 V2,255.00,Pre-Owned
Down4Sound JP23 V1.5,319.53,New
Down4Sound JP23 V1.5,200.00,Pre-Owned
Down4Sound JP13.2,425.00,Pre-Owned
